ADRIA,Slovenia
ALFA,Italy
ASTON,United Kingdom
AUDI,Germany
AUSTIN,United Kingdom
AUTO,Germany
BENIMAR,Spain
BENTLEY,United Kingdom
BMW,Germany
BUERSTNER,Germany
BUICK,United States
BURSTNER,Germany
BYD,China
CADILLAC,United States
CAPRON,Germany
CARTHAGO,Germany
CHALLENGER,France
CHAUSSON,France
CHEVROLET,United States
CHRYSLER,United States
CITROEN,France
CUPRA,Spain
DACIA,Romania
DAEWOO,Korea
DAF,Netherlands
DAIHATSU,Japan
DAIMLER,United Kingdom
DATSUN,Japan
DETHLEFFS,Germany
DODGE,United States
DS,France
FERRARI,Italy
FIAT,Italy
FORD,United States
FORD-CNG-TECHNIK,United States
GS,United States
HOBBY,Germany
HONDA,Japan
HYMER,Germany
HYUNDAI,Korea
IVECO,Italy
JAGUAR,United Kingdom
JEEP,United States
KIA,Korea
KNAUS,Germany
LANCIA,Italy
LAND,United Kingdom
LEAPMOTOR,China
LEXUS,Japan
LINCOLN,United States
LMC,Germany
LOTUS,United Kingdom
LYNK&CO,China
MASERATI,Italy
MAZDA,Japan
MC,United States
MERCEDES-AMG,Germany
MERCEDES-BENZ,Germany
MG,United Kingdom
MICRO,Germany
MINI,United Kingdom
MITSUBISHI,Japan
MORRIS,United Kingdom
NEKAF,United States
NISSAN,Japan
OLDSMOBILE,United States
OPEL,Germany
PEUGEOT,France
POESSL,Germany
POLESTAR,Sweden
PONTIAC,United States
PORSCHE,Germany
QUATTRO,Germany
RAPIDO,France
RENAULT,France
ROLLER,Italy
ROLLS,United Kingdom
ROVER,United Kingdom
SAAB,Sweden
SEAT,Spain
SKODA,Czech Rep.
SMART,Germany
SUBARU,Japan
SUZUKI,Japan
TESLA,United States
TOYOTA,Japan
TRIUMPH,United Kingdom
VOLKSWAGEN,Germany
VOLVO,Sweden
VW,Germany
WEINSBERG,Germany
WESTFALIA,Germany
WILLYS,United States
XPENG,China
ZEEKR,China